,lon,lat,cd_municipio,demanda_manha,demanda_tarde,demanda_noite,dia
0,-22.601894180000002,-43.41432008,Nova Iguacu,0.0,5.0,0.0,seg
1,-29.4475013,-50.5815754,Nova Iguacu,0.0,1.0,0.0,seg
2,-22.73271761967213,-43.4475087,Nova Iguacu,13.0,42.0,4.0,seg
3,-22.763022176923077,-43.51851187692308,Nova Iguacu,8.0,17.0,1.0,seg
4,-22.691778278571427,-43.46698731190476,Nova Iguacu,18.0,23.0,1.0,seg
5,-22.7820986,-43.554629219999995,Nova Iguacu,4.0,4.0,2.0,seg
6,-22.745290621428573,-43.49512059285714,Nova Iguacu,8.0,19.0,1.0,seg
7,-22.705550942857144,-43.43121224285714,Nova Iguacu,15.0,12.0,0.0,seg
8,-22.754187171698113,-43.46602107735849,Nova Iguacu,15.0,28.0,8.0,seg
9,-22.749970489655173,-43.42903319655172,Nova Iguacu,8.0,19.0,1.0,seg
10,-22.719191576190475,-43.52291241428571,Nova Iguacu,8.0,13.0,0.0,seg
11,-22.6665478,-43.5821442,Nova Iguacu,1.0,1.0,0.0,seg
12,-22.734453936363636,-43.47263668409091,Nova Iguacu,10.0,28.0,5.0,seg
13,-22.638728733333334,-43.40776205,Nova Iguacu,5.0,6.0,1.0,seg
14,-22.8713243,-43.4870367,Nova Iguacu,0.0,1.0,0.0,seg
15,-22.67869635652174,-43.44707259565217,Nova Iguacu,9.0,12.0,2.0,seg
16,-22.759308205882352,-43.44235019117647,Nova Iguacu,4.0,23.0,5.0,seg
17,-22.834939357142858,-43.60687934285714,Nova Iguacu,5.0,2.0,0.0,seg
18,-22.71318358,-43.461620333333336,Nova Iguacu,9.0,19.0,2.0,seg
19,-22.601894180000002,-43.41432008,Nova Iguacu,1.0,4.0,0.0,ter
20,-29.4475013,-50.5815754,Nova Iguacu,0.0,1.0,0.0,ter
21,-22.73271761967213,-43.4475087,Nova Iguacu,19.0,30.0,5.0,ter
22,-22.763022176923077,-43.51851187692308,Nova Iguacu,9.0,15.0,1.0,ter
23,-22.691778278571427,-43.46698731190476,Nova Iguacu,16.0,25.0,1.0,ter
24,-22.7820986,-43.554629219999995,Nova Iguacu,3.0,5.0,2.0,ter
25,-22.745290621428573,-43.49512059285714,Nova Iguacu,12.0,11.0,2.0,ter
26,-22.705550942857144,-43.43121224285714,Nova Iguacu,15.0,11.0,0.0,ter
27,-22.754187171698113,-43.46602107735849,Nova Iguacu,15.0,24.0,7.0,ter
28,-22.749970489655173,-43.42903319655172,Nova Iguacu,9.0,16.0,1.0,ter
29,-22.719191576190475,-43.52291241428571,Nova Iguacu,12.0,7.0,0.0,ter
30,-22.6665478,-43.5821442,Nova Iguacu,1.0,1.0,0.0,ter
31,-22.734453936363636,-43.47263668409091,Nova Iguacu,11.0,25.0,4.0,ter
32,-22.638728733333334,-43.40776205,Nova Iguacu,5.0,6.0,1.0,ter
33,-22.8713243,-43.4870367,Nova Iguacu,0.0,1.0,0.0,ter
34,-22.67869635652174,-43.44707259565217,Nova Iguacu,6.0,15.0,2.0,ter
35,-22.759308205882352,-43.44235019117647,Nova Iguacu,6.0,20.0,3.0,ter
36,-22.834939357142858,-43.60687934285714,Nova Iguacu,5.0,2.0,0.0,ter
37,-22.71318358,-43.461620333333336,Nova Iguacu,8.0,19.0,3.0,ter
38,-22.601894180000002,-43.41432008,Nova Iguacu,0.0,5.0,0.0,qua
39,-29.4475013,-50.5815754,Nova Iguacu,0.0,1.0,0.0,qua
40,-22.73271761967213,-43.4475087,Nova Iguacu,19.0,35.0,4.0,qua
41,-22.763022176923077,-43.51851187692308,Nova Iguacu,8.0,16.0,1.0,qua
42,-22.691778278571427,-43.46698731190476,Nova Iguacu,18.0,23.0,1.0,qua
43,-22.7820986,-43.554629219999995,Nova Iguacu,3.0,5.0,2.0,qua
44,-22.745290621428573,-43.49512059285714,Nova Iguacu,12.0,14.0,1.0,qua
45,-22.705550942857144,-43.43121224285714,Nova Iguacu,14.0,12.0,0.0,qua
46,-22.754187171698113,-43.46602107735849,Nova Iguacu,20.0,23.0,8.0,qua
47,-22.749970489655173,-43.42903319655172,Nova Iguacu,9.0,18.0,1.0,qua
48,-22.719191576190475,-43.52291241428571,Nova Iguacu,11.0,10.0,0.0,qua
49,-22.6665478,-43.5821442,Nova Iguacu,1.0,1.0,0.0,qua
50,-22.734453936363636,-43.47263668409091,Nova Iguacu,11.0,27.0,5.0,qua
51,-22.638728733333334,-43.40776205,Nova Iguacu,5.0,6.0,1.0,qua
52,-22.8713243,-43.4870367,Nova Iguacu,0.0,1.0,0.0,qua
53,-22.67869635652174,-43.44707259565217,Nova Iguacu,8.0,13.0,2.0,qua
54,-22.759308205882352,-43.44235019117647,Nova Iguacu,5.0,22.0,5.0,qua
55,-22.834939357142858,-43.60687934285714,Nova Iguacu,5.0,2.0,0.0,qua
56,-22.71318358,-43.461620333333336,Nova Iguacu,9.0,19.0,2.0,qua
57,-22.601894180000002,-43.41432008,Nova Iguacu,1.0,4.0,0.0,qui
58,-29.4475013,-50.5815754,Nova Iguacu,0.0,1.0,0.0,qui
59,-22.73271761967213,-43.4475087,Nova Iguacu,19.0,31.0,5.0,qui
60,-22.763022176923077,-43.51851187692308,Nova Iguacu,13.0,11.0,1.0,qui
61,-22.691778278571427,-43.46698731190476,Nova Iguacu,19.0,22.0,1.0,qui
62,-22.7820986,-43.554629219999995,Nova Iguacu,3.0,5.0,2.0,qui
63,-22.745290621428573,-43.49512059285714,Nova Iguacu,11.0,12.0,2.0,qui
64,-22.705550942857144,-43.43121224285714,Nova Iguacu,15.0,11.0,0.0,qui
65,-22.754187171698113,-43.46602107735849,Nova Iguacu,13.0,27.0,7.0,qui
66,-22.749970489655173,-43.42903319655172,Nova Iguacu,9.0,17.0,1.0,qui
67,-22.719191576190475,-43.52291241428571,Nova Iguacu,12.0,7.0,0.0,qui
68,-22.6665478,-43.5821442,Nova Iguacu,1.0,1.0,0.0,qui
69,-22.734453936363636,-43.47263668409091,Nova Iguacu,14.0,24.0,4.0,qui
70,-22.638728733333334,-43.40776205,Nova Iguacu,6.0,5.0,1.0,qui
71,-22.8713243,-43.4870367,Nova Iguacu,0.0,1.0,0.0,qui
72,-22.67869635652174,-43.44707259565217,Nova Iguacu,7.0,14.0,2.0,qui
73,-22.759308205882352,-43.44235019117647,Nova Iguacu,7.0,21.0,3.0,qui
74,-22.834939357142858,-43.60687934285714,Nova Iguacu,5.0,2.0,0.0,qui
75,-22.71318358,-43.461620333333336,Nova Iguacu,9.0,18.0,3.0,qui
76,-22.601894180000002,-43.41432008,Nova Iguacu,0.0,5.0,0.0,sex
77,-29.4475013,-50.5815754,Nova Iguacu,0.0,1.0,0.0,sex
78,-22.73271761967213,-43.4475087,Nova Iguacu,16.0,32.0,5.0,sex
79,-22.763022176923077,-43.51851187692308,Nova Iguacu,12.0,9.0,3.0,sex
80,-22.691778278571427,-43.46698731190476,Nova Iguacu,21.0,18.0,1.0,sex
81,-22.7820986,-43.554629219999995,Nova Iguacu,3.0,5.0,2.0,sex
82,-22.745290621428573,-43.49512059285714,Nova Iguacu,9.0,15.0,2.0,sex
83,-22.705550942857144,-43.43121224285714,Nova Iguacu,14.0,9.0,1.0,sex
84,-22.754187171698113,-43.46602107735849,Nova Iguacu,14.0,25.0,7.0,sex
85,-22.749970489655173,-43.42903319655172,Nova Iguacu,8.0,14.0,1.0,sex
86,-22.719191576190475,-43.52291241428571,Nova Iguacu,9.0,10.0,0.0,sex
87,-22.6665478,-43.5821442,Nova Iguacu,1.0,1.0,0.0,sex
88,-22.734453936363636,-43.47263668409091,Nova Iguacu,13.0,22.0,6.0,sex
89,-22.638728733333334,-43.40776205,Nova Iguacu,6.0,4.0,1.0,sex
90,-22.8713243,-43.4870367,Nova Iguacu,0.0,1.0,0.0,sex
91,-22.67869635652174,-43.44707259565217,Nova Iguacu,9.0,11.0,2.0,sex
92,-22.759308205882352,-43.44235019117647,Nova Iguacu,5.0,20.0,3.0,sex
93,-22.834939357142858,-43.60687934285714,Nova Iguacu,5.0,1.0,1.0,sex
94,-22.71318358,-43.461620333333336,Nova Iguacu,10.0,14.0,4.0,sex
95,-22.601894180000002,-43.41432008,Nova Iguacu,0.0,0.0,0.0,sab
96,-29.4475013,-50.5815754,Nova Iguacu,0.0,0.0,0.0,sab
97,-22.73271761967213,-43.4475087,Nova Iguacu,4.0,4.0,0.0,sab
98,-22.763022176923077,-43.51851187692308,Nova Iguacu,1.0,1.0,0.0,sab
99,-22.691778278571427,-43.46698731190476,Nova Iguacu,0.0,0.0,0.0,sab
100,-22.7820986,-43.554629219999995,Nova Iguacu,0.0,0.0,0.0,sab
101,-22.745290621428573,-43.49512059285714,Nova Iguacu,1.0,3.0,0.0,sab
102,-22.705550942857144,-43.43121224285714,Nova Iguacu,2.0,0.0,0.0,sab
103,-22.754187171698113,-43.46602107735849,Nova Iguacu,2.0,2.0,0.0,sab
104,-22.749970489655173,-43.42903319655172,Nova Iguacu,2.0,0.0,0.0,sab
105,-22.719191576190475,-43.52291241428571,Nova Iguacu,0.0,1.0,0.0,sab
106,-22.6665478,-43.5821442,Nova Iguacu,0.0,0.0,0.0,sab
107,-22.734453936363636,-43.47263668409091,Nova Iguacu,2.0,0.0,0.0,sab
108,-22.638728733333334,-43.40776205,Nova Iguacu,0.0,0.0,0.0,sab
109,-22.8713243,-43.4870367,Nova Iguacu,0.0,0.0,0.0,sab
110,-22.67869635652174,-43.44707259565217,Nova Iguacu,0.0,0.0,0.0,sab
111,-22.759308205882352,-43.44235019117647,Nova Iguacu,2.0,1.0,0.0,sab
112,-22.834939357142858,-43.60687934285714,Nova Iguacu,0.0,0.0,0.0,sab
113,-22.71318358,-43.461620333333336,Nova Iguacu,0.0,0.0,0.0,sab
114,-22.70080985,-43.54822695,Queimados,0.0,4.0,1.0,seg
115,-22.8817568,-43.6035097,Queimados,1.0,0.0,0.0,seg
116,-22.723764838461538,-43.560227030769234,Queimados,5.0,7.0,1.0,seg
117,-22.705309009090907,-43.56613363636364,Queimados,5.0,5.0,0.0,seg
118,-22.70080985,-43.54822695,Queimados,0.0,4.0,1.0,ter
119,-22.8817568,-43.6035097,Queimados,1.0,0.0,0.0,ter
120,-22.723764838461538,-43.560227030769234,Queimados,6.0,6.0,1.0,ter
121,-22.705309009090907,-43.56613363636364,Queimados,5.0,3.0,1.0,ter
122,-22.70080985,-43.54822695,Queimados,0.0,4.0,1.0,qua
123,-22.8817568,-43.6035097,Queimados,1.0,0.0,0.0,qua
124,-22.723764838461538,-43.560227030769234,Queimados,5.0,7.0,1.0,qua
125,-22.705309009090907,-43.56613363636364,Queimados,4.0,5.0,0.0,qua
126,-22.70080985,-43.54822695,Queimados,1.0,3.0,1.0,qui
127,-22.8817568,-43.6035097,Queimados,1.0,0.0,0.0,qui
128,-22.723764838461538,-43.560227030769234,Queimados,7.0,5.0,1.0,qui
129,-22.705309009090907,-43.56613363636364,Queimados,4.0,4.0,1.0,qui
130,-22.70080985,-43.54822695,Queimados,1.0,3.0,1.0,sex
131,-22.8817568,-43.6035097,Queimados,1.0,0.0,0.0,sex
132,-22.723764838461538,-43.560227030769234,Queimados,6.0,3.0,1.0,sex
133,-22.705309009090907,-43.56613363636364,Queimados,3.0,5.0,1.0,sex
134,-22.70080985,-43.54822695,Queimados,1.0,0.0,0.0,sab
135,-22.8817568,-43.6035097,Queimados,0.0,0.0,0.0,sab
136,-22.723764838461538,-43.560227030769234,Queimados,0.0,0.0,0.0,sab
137,-22.705309009090907,-43.56613363636364,Queimados,2.0,1.0,0.0,sab
138,-22.775881535714287,-43.29936692142857,Duque De Caxias,2.0,11.0,1.0,seg
139,-22.6438757125,-43.2745507,Duque De Caxias,0.0,7.0,1.0,seg
140,-22.784734375,-43.31915508125,Duque De Caxias,3.0,9.0,4.0,seg
141,-22.596431333333335,-43.30416316666666,Duque De Caxias,0.0,3.0,0.0,seg
142,-22.6941077,-43.267176649999996,Duque De Caxias,0.0,2.0,0.0,seg
143,-22.6367488,-43.217695875,Duque De Caxias,0.0,4.0,0.0,seg
144,-22.731669975,-43.315995199999996,Duque De Caxias,0.0,11.0,1.0,seg
145,-22.775881535714287,-43.29936692142857,Duque De Caxias,2.0,11.0,1.0,ter
146,-22.6438757125,-43.2745507,Duque De Caxias,3.0,3.0,0.0,ter
147,-22.784734375,-43.31915508125,Duque De Caxias,1.0,8.0,3.0,ter
148,-22.596431333333335,-43.30416316666666,Duque De Caxias,1.0,1.0,1.0,ter
149,-22.6941077,-43.267176649999996,Duque De Caxias,1.0,1.0,0.0,ter
150,-22.6367488,-43.217695875,Duque De Caxias,1.0,2.0,0.0,ter
151,-22.731669975,-43.315995199999996,Duque De Caxias,4.0,7.0,1.0,ter
152,-22.775881535714287,-43.29936692142857,Duque De Caxias,1.0,12.0,1.0,qua
153,-22.6438757125,-43.2745507,Duque De Caxias,1.0,6.0,1.0,qua
154,-22.784734375,-43.31915508125,Duque De Caxias,4.0,8.0,4.0,qua
155,-22.596431333333335,-43.30416316666666,Duque De Caxias,0.0,3.0,0.0,qua
156,-22.6941077,-43.267176649999996,Duque De Caxias,0.0,2.0,0.0,qua
157,-22.6367488,-43.217695875,Duque De Caxias,0.0,4.0,0.0,qua
158,-22.731669975,-43.315995199999996,Duque De Caxias,1.0,10.0,1.0,qua
159,-22.775881535714287,-43.29936692142857,Duque De Caxias,3.0,10.0,1.0,qui
160,-22.6438757125,-43.2745507,Duque De Caxias,3.0,5.0,0.0,qui
161,-22.784734375,-43.31915508125,Duque De Caxias,1.0,9.0,3.0,qui
162,-22.596431333333335,-43.30416316666666,Duque De Caxias,2.0,0.0,1.0,qui
163,-22.6941077,-43.267176649999996,Duque De Caxias,2.0,0.0,0.0,qui
164,-22.6367488,-43.217695875,Duque De Caxias,1.0,3.0,0.0,qui
165,-22.731669975,-43.315995199999996,Duque De Caxias,6.0,5.0,1.0,qui
166,-22.775881535714287,-43.29936692142857,Duque De Caxias,2.0,8.0,2.0,sex
167,-22.6438757125,-43.2745507,Duque De Caxias,1.0,5.0,0.0,sex
168,-22.784734375,-43.31915508125,Duque De Caxias,1.0,6.0,4.0,sex
169,-22.596431333333335,-43.30416316666666,Duque De Caxias,1.0,1.0,1.0,sex
170,-22.6941077,-43.267176649999996,Duque De Caxias,1.0,1.0,0.0,sex
171,-22.6367488,-43.217695875,Duque De Caxias,0.0,3.0,0.0,sex
172,-22.731669975,-43.315995199999996,Duque De Caxias,3.0,7.0,1.0,sex
173,-22.775881535714287,-43.29936692142857,Duque De Caxias,0.0,0.0,0.0,sab
174,-22.6438757125,-43.2745507,Duque De Caxias,1.0,1.0,0.0,sab
175,-22.784734375,-43.31915508125,Duque De Caxias,0.0,0.0,0.0,sab
176,-22.596431333333335,-43.30416316666666,Duque De Caxias,0.0,0.0,0.0,sab
177,-22.6941077,-43.267176649999996,Duque De Caxias,2.0,0.0,0.0,sab
178,-22.6367488,-43.217695875,Duque De Caxias,1.0,0.0,0.0,sab
179,-22.731669975,-43.315995199999996,Duque De Caxias,0.0,1.0,0.0,sab
180,-22.754767625,-43.400588158333335,Belford Roxo,2.0,10.0,0.0,seg
181,-22.72718864,-43.33814786,Belford Roxo,1.0,4.0,0.0,seg
182,-22.727969271428574,-43.40784574285714,Belford Roxo,2.0,4.0,1.0,seg
183,-22.75699152,-43.37362404,Belford Roxo,0.0,4.0,1.0,seg
184,-22.736815888888888,-43.39183754444444,Belford Roxo,3.0,6.0,0.0,seg
185,-22.721211725,-43.3805185,Belford Roxo,1.0,6.0,0.0,seg
186,-22.7722829,-43.398626560000004,Belford Roxo,2.0,3.0,0.0,seg
187,-22.74289465,-43.41504726428572,Belford Roxo,3.0,8.0,3.0,seg
188,-22.709695775,-43.409594049999995,Belford Roxo,0.0,3.0,1.0,seg
189,-22.756621345454548,-43.41087104545454,Belford Roxo,3.0,7.0,0.0,seg
190,-22.7124572,-43.3315173,Belford Roxo,1.0,2.0,0.0,seg
191,-22.74164486,-43.3757782,Belford Roxo,1.0,3.0,1.0,seg
192,-22.72937906,-43.35910694,Belford Roxo,0.0,4.0,1.0,seg
193,-22.726716825,-43.4262036,Belford Roxo,0.0,4.0,0.0,seg
194,-22.754767625,-43.400588158333335,Belford Roxo,2.0,10.0,0.0,ter
195,-22.72718864,-43.33814786,Belford Roxo,2.0,3.0,0.0,ter
196,-22.727969271428574,-43.40784574285714,Belford Roxo,3.0,2.0,1.0,ter
197,-22.75699152,-43.37362404,Belford Roxo,1.0,3.0,1.0,ter
198,-22.736815888888888,-43.39183754444444,Belford Roxo,4.0,5.0,0.0,ter
199,-22.721211725,-43.3805185,Belford Roxo,3.0,4.0,0.0,ter
200,-22.7722829,-43.398626560000004,Belford Roxo,0.0,3.0,0.0,ter
201,-22.74289465,-43.41504726428572,Belford Roxo,3.0,7.0,3.0,ter
202,-22.709695775,-43.409594049999995,Belford Roxo,0.0,3.0,1.0,ter
203,-22.756621345454548,-43.41087104545454,Belford Roxo,4.0,4.0,0.0,ter
204,-22.7124572,-43.3315173,Belford Roxo,0.0,3.0,0.0,ter
205,-22.74164486,-43.3757782,Belford Roxo,1.0,3.0,1.0,ter
206,-22.72937906,-43.35910694,Belford Roxo,1.0,3.0,1.0,ter
207,-22.726716825,-43.4262036,Belford Roxo,1.0,3.0,0.0,ter
208,-22.754767625,-43.400588158333335,Belford Roxo,2.0,10.0,0.0,qua
209,-22.72718864,-43.33814786,Belford Roxo,0.0,5.0,0.0,qua
210,-22.727969271428574,-43.40784574285714,Belford Roxo,2.0,4.0,1.0,qua
211,-22.75699152,-43.37362404,Belford Roxo,0.0,4.0,1.0,qua
212,-22.736815888888888,-43.39183754444444,Belford Roxo,4.0,5.0,0.0,qua
213,-22.721211725,-43.3805185,Belford Roxo,3.0,4.0,0.0,qua
214,-22.7722829,-43.398626560000004,Belford Roxo,3.0,2.0,0.0,qua
215,-22.74289465,-43.41504726428572,Belford Roxo,3.0,8.0,3.0,qua
216,-22.709695775,-43.409594049999995,Belford Roxo,0.0,3.0,1.0,qua
217,-22.756621345454548,-43.41087104545454,Belford Roxo,5.0,5.0,0.0,qua
218,-22.7124572,-43.3315173,Belford Roxo,0.0,3.0,0.0,qua
219,-22.74164486,-43.3757782,Belford Roxo,1.0,3.0,1.0,qua
220,-22.72937906,-43.35910694,Belford Roxo,0.0,4.0,1.0,qua
221,-22.726716825,-43.4262036,Belford Roxo,0.0,4.0,0.0,qua
222,-22.754767625,-43.400588158333335,Belford Roxo,4.0,8.0,0.0,qui
223,-22.72718864,-43.33814786,Belford Roxo,3.0,2.0,0.0,qui
224,-22.727969271428574,-43.40784574285714,Belford Roxo,3.0,2.0,1.0,qui
225,-22.75699152,-43.37362404,Belford Roxo,3.0,1.0,1.0,qui
226,-22.736815888888888,-43.39183754444444,Belford Roxo,3.0,6.0,0.0,qui
227,-22.721211725,-43.3805185,Belford Roxo,2.0,5.0,0.0,qui
228,-22.7722829,-43.398626560000004,Belford Roxo,0.0,3.0,0.0,qui
229,-22.74289465,-43.41504726428572,Belford Roxo,3.0,8.0,3.0,qui
230,-22.709695775,-43.409594049999995,Belford Roxo,0.0,3.0,1.0,qui
231,-22.756621345454548,-43.41087104545454,Belford Roxo,4.0,4.0,0.0,qui
232,-22.7124572,-43.3315173,Belford Roxo,0.0,3.0,0.0,qui
233,-22.74164486,-43.3757782,Belford Roxo,1.0,3.0,1.0,qui
234,-22.72937906,-43.35910694,Belford Roxo,1.0,3.0,1.0,qui
235,-22.726716825,-43.4262036,Belford Roxo,1.0,3.0,0.0,qui
236,-22.754767625,-43.400588158333335,Belford Roxo,4.0,6.0,1.0,sex
237,-22.72718864,-43.33814786,Belford Roxo,1.0,3.0,0.0,sex
238,-22.727969271428574,-43.40784574285714,Belford Roxo,1.0,4.0,1.0,sex
239,-22.75699152,-43.37362404,Belford Roxo,2.0,2.0,1.0,sex
240,-22.736815888888888,-43.39183754444444,Belford Roxo,3.0,4.0,0.0,sex
241,-22.721211725,-43.3805185,Belford Roxo,2.0,5.0,0.0,sex
242,-22.7722829,-43.398626560000004,Belford Roxo,1.0,2.0,0.0,sex
243,-22.74289465,-43.41504726428572,Belford Roxo,3.0,7.0,3.0,sex
244,-22.709695775,-43.409594049999995,Belford Roxo,0.0,2.0,1.0,sex
245,-22.756621345454548,-43.41087104545454,Belford Roxo,3.0,7.0,0.0,sex
246,-22.7124572,-43.3315173,Belford Roxo,0.0,3.0,0.0,sex
247,-22.74164486,-43.3757782,Belford Roxo,1.0,3.0,1.0,sex
248,-22.72937906,-43.35910694,Belford Roxo,0.0,4.0,1.0,sex
249,-22.726716825,-43.4262036,Belford Roxo,0.0,4.0,0.0,sex
250,-22.754767625,-43.400588158333335,Belford Roxo,0.0,0.0,0.0,sab
251,-22.72718864,-43.33814786,Belford Roxo,0.0,0.0,0.0,sab
252,-22.727969271428574,-43.40784574285714,Belford Roxo,0.0,0.0,0.0,sab
253,-22.75699152,-43.37362404,Belford Roxo,0.0,0.0,0.0,sab
254,-22.736815888888888,-43.39183754444444,Belford Roxo,0.0,1.0,0.0,sab
255,-22.721211725,-43.3805185,Belford Roxo,1.0,2.0,0.0,sab
256,-22.7722829,-43.398626560000004,Belford Roxo,1.0,0.0,0.0,sab
257,-22.74289465,-43.41504726428572,Belford Roxo,1.0,0.0,0.0,sab
258,-22.709695775,-43.409594049999995,Belford Roxo,0.0,0.0,0.0,sab
259,-22.756621345454548,-43.41087104545454,Belford Roxo,1.0,0.0,0.0,sab
260,-22.7124572,-43.3315173,Belford Roxo,0.0,0.0,0.0,sab
261,-22.74164486,-43.3757782,Belford Roxo,0.0,0.0,0.0,sab
262,-22.72937906,-43.35910694,Belford Roxo,0.0,0.0,0.0,sab
263,-22.726716825,-43.4262036,Belford Roxo,0.0,0.0,0.0,sab
264,-22.933282441666666,-43.19658320833334,Rio De Janeiro,4.0,6.0,2.0,seg
265,-22.85780482272727,-43.36528882272727,Rio De Janeiro,3.0,17.0,2.0,seg
266,-22.903690744444443,-43.5537644,Rio De Janeiro,0.0,8.0,1.0,seg
267,-22.855688096428572,-43.31716196071429,Rio De Janeiro,3.0,21.0,2.0,seg
268,-22.88559606,-43.41280981333333,Rio De Janeiro,3.0,9.0,3.0,seg
269,-22.80799975,-43.196521233333335,Rio De Janeiro,2.0,8.0,2.0,seg
270,-22.765344255555554,-43.44124961111111,Rio De Janeiro,1.0,7.0,1.0,seg
271,-22.911202827272728,-43.36298605454545,Rio De Janeiro,0.0,11.0,0.0,seg
272,-22.900674754545456,-43.275168,Rio De Janeiro,0.0,15.0,5.0,seg
273,-22.902086333333333,-43.628723050000005,Rio De Janeiro,0.0,6.0,0.0,seg
274,-22.875212375,-43.46929519375,Rio De Janeiro,1.0,13.0,2.0,seg
275,-22.84119197777778,-43.26604552222222,Rio De Janeiro,2.0,6.0,1.0,seg
276,-22.812644204166666,-43.35618109166666,Rio De Janeiro,4.0,16.0,3.0,seg
277,-22.828727095833333,-43.4032385,Rio De Janeiro,5.0,18.0,1.0,seg
278,-23.01434533333333,-43.447730033333336,Rio De Janeiro,0.0,3.0,0.0,seg
279,-22.980032625,-43.381716725,Rio De Janeiro,1.0,6.0,1.0,seg
280,-22.980224133333333,-43.59360496666667,Rio De Janeiro,0.0,2.0,1.0,seg
281,-22.67911865,-43.445020850000006,Rio De Janeiro,0.0,1.0,1.0,seg
282,-22.823853870833332,-43.306966333333335,Rio De Janeiro,3.0,18.0,2.0,seg
283,-22.933282441666666,-43.19658320833334,Rio De Janeiro,4.0,5.0,2.0,ter
284,-22.85780482272727,-43.36528882272727,Rio De Janeiro,7.0,11.0,2.0,ter
285,-22.903690744444443,-43.5537644,Rio De Janeiro,1.0,6.0,1.0,ter
286,-22.855688096428572,-43.31716196071429,Rio De Janeiro,5.0,19.0,2.0,ter
287,-22.88559606,-43.41280981333333,Rio De Janeiro,5.0,5.0,4.0,ter
288,-22.80799975,-43.196521233333335,Rio De Janeiro,3.0,7.0,1.0,ter
289,-22.765344255555554,-43.44124961111111,Rio De Janeiro,1.0,4.0,1.0,ter
290,-22.911202827272728,-43.36298605454545,Rio De Janeiro,2.0,8.0,0.0,ter
291,-22.900674754545456,-43.275168,Rio De Janeiro,2.0,11.0,4.0,ter
292,-22.902086333333333,-43.628723050000005,Rio De Janeiro,2.0,4.0,0.0,ter
293,-22.875212375,-43.46929519375,Rio De Janeiro,2.0,10.0,2.0,ter
294,-22.84119197777778,-43.26604552222222,Rio De Janeiro,3.0,5.0,1.0,ter
295,-22.812644204166666,-43.35618109166666,Rio De Janeiro,2.0,14.0,2.0,ter
296,-22.828727095833333,-43.4032385,Rio De Janeiro,7.0,15.0,1.0,ter
297,-23.01434533333333,-43.447730033333336,Rio De Janeiro,1.0,1.0,0.0,ter
298,-22.980032625,-43.381716725,Rio De Janeiro,2.0,3.0,1.0,ter
299,-22.980224133333333,-43.59360496666667,Rio De Janeiro,0.0,2.0,1.0,ter
300,-22.67911865,-43.445020850000006,Rio De Janeiro,0.0,1.0,1.0,ter
301,-22.823853870833332,-43.306966333333335,Rio De Janeiro,5.0,15.0,2.0,ter
302,-22.933282441666666,-43.19658320833334,Rio De Janeiro,4.0,5.0,2.0,qua
303,-22.85780482272727,-43.36528882272727,Rio De Janeiro,5.0,14.0,2.0,qua
304,-22.903690744444443,-43.5537644,Rio De Janeiro,2.0,6.0,1.0,qua
305,-22.855688096428572,-43.31716196071429,Rio De Janeiro,3.0,21.0,2.0,qua
306,-22.88559606,-43.41280981333333,Rio De Janeiro,5.0,7.0,3.0,qua
307,-22.80799975,-43.196521233333335,Rio De Janeiro,2.0,8.0,2.0,qua
308,-22.765344255555554,-43.44124961111111,Rio De Janeiro,2.0,5.0,1.0,qua
309,-22.911202827272728,-43.36298605454545,Rio De Janeiro,0.0,11.0,0.0,qua
310,-22.900674754545456,-43.275168,Rio De Janeiro,1.0,14.0,5.0,qua
311,-22.902086333333333,-43.628723050000005,Rio De Janeiro,1.0,5.0,0.0,qua
312,-22.875212375,-43.46929519375,Rio De Janeiro,2.0,12.0,2.0,qua
313,-22.84119197777778,-43.26604552222222,Rio De Janeiro,2.0,6.0,1.0,qua
314,-22.812644204166666,-43.35618109166666,Rio De Janeiro,7.0,13.0,3.0,qua
315,-22.828727095833333,-43.4032385,Rio De Janeiro,5.0,18.0,1.0,qua
316,-23.01434533333333,-43.447730033333336,Rio De Janeiro,2.0,1.0,0.0,qua
317,-22.980032625,-43.381716725,Rio De Janeiro,1.0,5.0,1.0,qua
318,-22.980224133333333,-43.59360496666667,Rio De Janeiro,0.0,2.0,1.0,qua
319,-22.67911865,-43.445020850000006,Rio De Janeiro,0.0,1.0,1.0,qua
320,-22.823853870833332,-43.306966333333335,Rio De Janeiro,6.0,15.0,2.0,qua
321,-22.933282441666666,-43.19658320833334,Rio De Janeiro,3.0,6.0,2.0,qui
322,-22.85780482272727,-43.36528882272727,Rio De Janeiro,7.0,11.0,2.0,qui
323,-22.903690744444443,-43.5537644,Rio De Janeiro,1.0,6.0,1.0,qui
324,-22.855688096428572,-43.31716196071429,Rio De Janeiro,7.0,17.0,2.0,qui
325,-22.88559606,-43.41280981333333,Rio De Janeiro,3.0,8.0,4.0,qui
326,-22.80799975,-43.196521233333335,Rio De Janeiro,3.0,8.0,1.0,qui
327,-22.765344255555554,-43.44124961111111,Rio De Janeiro,0.0,6.0,1.0,qui
328,-22.911202827272728,-43.36298605454545,Rio De Janeiro,2.0,9.0,0.0,qui
329,-22.900674754545456,-43.275168,Rio De Janeiro,5.0,10.0,4.0,qui
330,-22.902086333333333,-43.628723050000005,Rio De Janeiro,2.0,4.0,0.0,qui
331,-22.875212375,-43.46929519375,Rio De Janeiro,4.0,10.0,2.0,qui
332,-22.84119197777778,-43.26604552222222,Rio De Janeiro,3.0,5.0,1.0,qui
333,-22.812644204166666,-43.35618109166666,Rio De Janeiro,2.0,15.0,2.0,qui
334,-22.828727095833333,-43.4032385,Rio De Janeiro,9.0,14.0,1.0,qui
335,-23.01434533333333,-43.447730033333336,Rio De Janeiro,0.0,2.0,0.0,qui
336,-22.980032625,-43.381716725,Rio De Janeiro,1.0,5.0,1.0,qui
337,-22.980224133333333,-43.59360496666667,Rio De Janeiro,1.0,1.0,1.0,qui
338,-22.67911865,-43.445020850000006,Rio De Janeiro,0.0,1.0,1.0,qui
339,-22.823853870833332,-43.306966333333335,Rio De Janeiro,7.0,13.0,2.0,qui
340,-22.933282441666666,-43.19658320833334,Rio De Janeiro,3.0,6.0,2.0,sex
341,-22.85780482272727,-43.36528882272727,Rio De Janeiro,4.0,11.0,4.0,sex
342,-22.903690744444443,-43.5537644,Rio De Janeiro,1.0,6.0,1.0,sex
343,-22.855688096428572,-43.31716196071429,Rio De Janeiro,5.0,16.0,2.0,sex
344,-22.88559606,-43.41280981333333,Rio De Janeiro,3.0,6.0,4.0,sex
345,-22.80799975,-43.196521233333335,Rio De Janeiro,2.0,7.0,1.0,sex
346,-22.765344255555554,-43.44124961111111,Rio De Janeiro,0.0,6.0,1.0,sex
347,-22.911202827272728,-43.36298605454545,Rio De Janeiro,0.0,9.0,0.0,sex
348,-22.900674754545456,-43.275168,Rio De Janeiro,3.0,10.0,4.0,sex
349,-22.902086333333333,-43.628723050000005,Rio De Janeiro,1.0,5.0,0.0,sex
350,-22.875212375,-43.46929519375,Rio De Janeiro,4.0,6.0,3.0,sex
351,-22.84119197777778,-43.26604552222222,Rio De Janeiro,2.0,3.0,1.0,sex
352,-22.812644204166666,-43.35618109166666,Rio De Janeiro,3.0,14.0,2.0,sex
353,-22.828727095833333,-43.4032385,Rio De Janeiro,7.0,15.0,1.0,sex
354,-23.01434533333333,-43.447730033333336,Rio De Janeiro,0.0,3.0,0.0,sex
355,-22.980032625,-43.381716725,Rio De Janeiro,0.0,5.0,1.0,sex
356,-22.980224133333333,-43.59360496666667,Rio De Janeiro,1.0,1.0,1.0,sex
357,-22.67911865,-43.445020850000006,Rio De Janeiro,0.0,1.0,1.0,sex
358,-22.823853870833332,-43.306966333333335,Rio De Janeiro,7.0,14.0,2.0,sex
359,-22.933282441666666,-43.19658320833334,Rio De Janeiro,1.0,2.0,0.0,sab
360,-22.85780482272727,-43.36528882272727,Rio De Janeiro,2.0,2.0,0.0,sab
361,-22.903690744444443,-43.5537644,Rio De Janeiro,0.0,1.0,0.0,sab
362,-22.855688096428572,-43.31716196071429,Rio De Janeiro,2.0,0.0,0.0,sab
363,-22.88559606,-43.41280981333333,Rio De Janeiro,1.0,2.0,0.0,sab
364,-22.80799975,-43.196521233333335,Rio De Janeiro,0.0,0.0,0.0,sab
365,-22.765344255555554,-43.44124961111111,Rio De Janeiro,2.0,1.0,0.0,sab
366,-22.911202827272728,-43.36298605454545,Rio De Janeiro,1.0,0.0,0.0,sab
367,-22.900674754545456,-43.275168,Rio De Janeiro,3.0,0.0,0.0,sab
368,-22.902086333333333,-43.628723050000005,Rio De Janeiro,0.0,1.0,0.0,sab
369,-22.875212375,-43.46929519375,Rio De Janeiro,2.0,1.0,0.0,sab
370,-22.84119197777778,-43.26604552222222,Rio De Janeiro,0.0,0.0,0.0,sab
371,-22.812644204166666,-43.35618109166666,Rio De Janeiro,1.0,0.0,0.0,sab
372,-22.828727095833333,-43.4032385,Rio De Janeiro,1.0,0.0,0.0,sab
373,-23.01434533333333,-43.447730033333336,Rio De Janeiro,0.0,1.0,0.0,sab
374,-22.980032625,-43.381716725,Rio De Janeiro,2.0,1.0,0.0,sab
375,-22.980224133333333,-43.59360496666667,Rio De Janeiro,0.0,0.0,0.0,sab
376,-22.67911865,-43.445020850000006,Rio De Janeiro,0.0,0.0,0.0,sab
377,-22.823853870833332,-43.306966333333335,Rio De Janeiro,1.0,2.0,0.0,sab
378,-22.793912483333333,-43.434498966666666,Mesquita,3.0,3.0,0.0,seg
379,-22.775645833333336,-43.41641176666667,Mesquita,4.0,2.0,0.0,seg
380,-22.77505018,-43.43447834,Mesquita,2.0,8.0,0.0,seg
381,-22.794416499999997,-43.419703925,Mesquita,1.0,3.0,0.0,seg
382,-22.784100855555558,-43.42026424444444,Mesquita,5.0,3.0,0.0,seg
383,-22.7825392125,-43.4057331125,Mesquita,2.0,5.0,1.0,seg
384,-22.8060224,-43.43602155,Mesquita,1.0,3.0,0.0,seg
385,-22.7706139,-43.42269353333333,Mesquita,2.0,4.0,0.0,seg
386,-22.793912483333333,-43.434498966666666,Mesquita,2.0,3.0,0.0,ter
387,-22.775645833333336,-43.41641176666667,Mesquita,4.0,2.0,0.0,ter
388,-22.77505018,-43.43447834,Mesquita,4.0,5.0,0.0,ter
389,-22.794416499999997,-43.419703925,Mesquita,2.0,1.0,1.0,ter
390,-22.784100855555558,-43.42026424444444,Mesquita,6.0,2.0,0.0,ter
391,-22.7825392125,-43.4057331125,Mesquita,4.0,3.0,0.0,ter
392,-22.8060224,-43.43602155,Mesquita,2.0,2.0,0.0,ter
393,-22.7706139,-43.42269353333333,Mesquita,2.0,4.0,0.0,ter
394,-22.793912483333333,-43.434498966666666,Mesquita,2.0,3.0,0.0,qua
395,-22.775645833333336,-43.41641176666667,Mesquita,4.0,2.0,0.0,qua
396,-22.77505018,-43.43447834,Mesquita,3.0,7.0,0.0,qua
397,-22.794416499999997,-43.419703925,Mesquita,2.0,2.0,0.0,qua
398,-22.784100855555558,-43.42026424444444,Mesquita,5.0,3.0,0.0,qua
399,-22.7825392125,-43.4057331125,Mesquita,2.0,5.0,1.0,qua
400,-22.8060224,-43.43602155,Mesquita,1.0,3.0,0.0,qua
401,-22.7706139,-43.42269353333333,Mesquita,2.0,4.0,0.0,qua
402,-22.793912483333333,-43.434498966666666,Mesquita,2.0,3.0,0.0,qui
403,-22.775645833333336,-43.41641176666667,Mesquita,4.0,2.0,0.0,qui
404,-22.77505018,-43.43447834,Mesquita,5.0,4.0,0.0,qui
405,-22.794416499999997,-43.419703925,Mesquita,1.0,2.0,1.0,qui
406,-22.784100855555558,-43.42026424444444,Mesquita,6.0,2.0,0.0,qui
407,-22.7825392125,-43.4057331125,Mesquita,4.0,4.0,0.0,qui
408,-22.8060224,-43.43602155,Mesquita,3.0,1.0,0.0,qui
409,-22.7706139,-43.42269353333333,Mesquita,3.0,3.0,0.0,qui
410,-22.793912483333333,-43.434498966666666,Mesquita,2.0,3.0,0.0,sex
411,-22.775645833333336,-43.41641176666667,Mesquita,4.0,2.0,0.0,sex
412,-22.77505018,-43.43447834,Mesquita,3.0,6.0,0.0,sex
413,-22.794416499999997,-43.419703925,Mesquita,1.0,2.0,1.0,sex
414,-22.784100855555558,-43.42026424444444,Mesquita,5.0,3.0,0.0,sex
415,-22.7825392125,-43.4057331125,Mesquita,2.0,4.0,0.0,sex
416,-22.8060224,-43.43602155,Mesquita,2.0,2.0,0.0,sex
417,-22.7706139,-43.42269353333333,Mesquita,3.0,2.0,1.0,sex
418,-22.793912483333333,-43.434498966666666,Mesquita,1.0,0.0,0.0,sab
419,-22.775645833333336,-43.41641176666667,Mesquita,0.0,0.0,0.0,sab
420,-22.77505018,-43.43447834,Mesquita,0.0,0.0,0.0,sab
421,-22.794416499999997,-43.419703925,Mesquita,0.0,1.0,0.0,sab
422,-22.784100855555558,-43.42026424444444,Mesquita,1.0,0.0,0.0,sab
423,-22.7825392125,-43.4057331125,Mesquita,0.0,0.0,0.0,sab
424,-22.8060224,-43.43602155,Mesquita,0.0,0.0,0.0,sab
425,-22.7706139,-43.42269353333333,Mesquita,0.0,0.0,0.0,sab
426,-22.796923425,-43.33704795,Sao Joao De Meriti,1.0,3.0,0.0,seg
427,-22.784743776923076,-43.39219353846154,Sao Joao De Meriti,3.0,10.0,0.0,seg
428,-22.7753323,-43.35881291,Sao Joao De Meriti,3.0,7.0,0.0,seg
429,-22.803208514285714,-43.3900626,Sao Joao De Meriti,1.0,6.0,0.0,seg
430,-22.79260983,-43.37709318,Sao Joao De Meriti,1.0,8.0,1.0,seg
431,-22.781102150000002,-43.340055475,Sao Joao De Meriti,1.0,2.0,1.0,seg
432,-22.789515,-43.40162865714286,Sao Joao De Meriti,2.0,5.0,0.0,seg
433,-22.78716798888889,-43.360343566666664,Sao Joao De Meriti,5.0,4.0,0.0,seg
434,-22.76779264,-43.35078886,Sao Joao De Meriti,1.0,4.0,0.0,seg
435,-22.806571566666666,-43.37381456666667,Sao Joao De Meriti,1.0,0.0,1.0,seg
436,-22.775774636363636,-43.37687738181818,Sao Joao De Meriti,2.0,8.0,0.0,seg
437,-22.796923425,-43.33704795,Sao Joao De Meriti,2.0,2.0,0.0,ter
438,-22.784743776923076,-43.39219353846154,Sao Joao De Meriti,7.0,6.0,0.0,ter
439,-22.7753323,-43.35881291,Sao Joao De Meriti,2.0,8.0,0.0,ter
440,-22.803208514285714,-43.3900626,Sao Joao De Meriti,2.0,5.0,0.0,ter
441,-22.79260983,-43.37709318,Sao Joao De Meriti,2.0,7.0,0.0,ter
442,-22.781102150000002,-43.340055475,Sao Joao De Meriti,2.0,1.0,1.0,ter
443,-22.789515,-43.40162865714286,Sao Joao De Meriti,4.0,3.0,0.0,ter
444,-22.78716798888889,-43.360343566666664,Sao Joao De Meriti,3.0,6.0,0.0,ter
445,-22.76779264,-43.35078886,Sao Joao De Meriti,1.0,4.0,0.0,ter
446,-22.806571566666666,-43.37381456666667,Sao Joao De Meriti,0.0,1.0,1.0,ter
447,-22.775774636363636,-43.37687738181818,Sao Joao De Meriti,4.0,6.0,0.0,ter
448,-22.796923425,-43.33704795,Sao Joao De Meriti,1.0,3.0,0.0,qua
449,-22.784743776923076,-43.39219353846154,Sao Joao De Meriti,6.0,7.0,0.0,qua
450,-22.7753323,-43.35881291,Sao Joao De Meriti,3.0,7.0,0.0,qua
451,-22.803208514285714,-43.3900626,Sao Joao De Meriti,1.0,6.0,0.0,qua
452,-22.79260983,-43.37709318,Sao Joao De Meriti,2.0,7.0,1.0,qua
453,-22.781102150000002,-43.340055475,Sao Joao De Meriti,1.0,2.0,1.0,qua
454,-22.789515,-43.40162865714286,Sao Joao De Meriti,3.0,4.0,0.0,qua
455,-22.78716798888889,-43.360343566666664,Sao Joao De Meriti,5.0,4.0,0.0,qua
456,-22.76779264,-43.35078886,Sao Joao De Meriti,1.0,4.0,0.0,qua
457,-22.806571566666666,-43.37381456666667,Sao Joao De Meriti,1.0,0.0,1.0,qua
458,-22.775774636363636,-43.37687738181818,Sao Joao De Meriti,2.0,8.0,0.0,qua
459,-22.796923425,-43.33704795,Sao Joao De Meriti,2.0,2.0,0.0,qui
460,-22.784743776923076,-43.39219353846154,Sao Joao De Meriti,6.0,7.0,0.0,qui
461,-22.7753323,-43.35881291,Sao Joao De Meriti,2.0,8.0,0.0,qui
462,-22.803208514285714,-43.3900626,Sao Joao De Meriti,3.0,4.0,0.0,qui
463,-22.79260983,-43.37709318,Sao Joao De Meriti,3.0,7.0,0.0,qui
464,-22.781102150000002,-43.340055475,Sao Joao De Meriti,2.0,1.0,1.0,qui
465,-22.789515,-43.40162865714286,Sao Joao De Meriti,3.0,4.0,0.0,qui
466,-22.78716798888889,-43.360343566666664,Sao Joao De Meriti,3.0,6.0,0.0,qui
467,-22.76779264,-43.35078886,Sao Joao De Meriti,1.0,4.0,0.0,qui
468,-22.806571566666666,-43.37381456666667,Sao Joao De Meriti,0.0,1.0,1.0,qui
469,-22.775774636363636,-43.37687738181818,Sao Joao De Meriti,5.0,5.0,0.0,qui
470,-22.796923425,-43.33704795,Sao Joao De Meriti,1.0,3.0,0.0,sex
471,-22.784743776923076,-43.39219353846154,Sao Joao De Meriti,5.0,7.0,0.0,sex
472,-22.7753323,-43.35881291,Sao Joao De Meriti,3.0,5.0,0.0,sex
473,-22.803208514285714,-43.3900626,Sao Joao De Meriti,2.0,5.0,0.0,sex
474,-22.79260983,-43.37709318,Sao Joao De Meriti,3.0,6.0,0.0,sex
475,-22.781102150000002,-43.340055475,Sao Joao De Meriti,1.0,2.0,1.0,sex
476,-22.789515,-43.40162865714286,Sao Joao De Meriti,2.0,5.0,0.0,sex
477,-22.78716798888889,-43.360343566666664,Sao Joao De Meriti,5.0,2.0,0.0,sex
478,-22.76779264,-43.35078886,Sao Joao De Meriti,1.0,3.0,0.0,sex
479,-22.806571566666666,-43.37381456666667,Sao Joao De Meriti,1.0,0.0,1.0,sex
480,-22.775774636363636,-43.37687738181818,Sao Joao De Meriti,3.0,6.0,0.0,sex
481,-22.796923425,-43.33704795,Sao Joao De Meriti,0.0,0.0,0.0,sab
482,-22.784743776923076,-43.39219353846154,Sao Joao De Meriti,0.0,3.0,0.0,sab
483,-22.7753323,-43.35881291,Sao Joao De Meriti,0.0,0.0,0.0,sab
484,-22.803208514285714,-43.3900626,Sao Joao De Meriti,0.0,0.0,0.0,sab
485,-22.79260983,-43.37709318,Sao Joao De Meriti,0.0,1.0,0.0,sab
486,-22.781102150000002,-43.340055475,Sao Joao De Meriti,0.0,0.0,0.0,sab
487,-22.789515,-43.40162865714286,Sao Joao De Meriti,0.0,1.0,0.0,sab
488,-22.78716798888889,-43.360343566666664,Sao Joao De Meriti,0.0,0.0,0.0,sab
489,-22.76779264,-43.35078886,Sao Joao De Meriti,0.0,0.0,0.0,sab
490,-22.806571566666666,-43.37381456666667,Sao Joao De Meriti,1.0,0.0,0.0,sab
491,-22.775774636363636,-43.37687738181818,Sao Joao De Meriti,1.0,0.0,0.0,sab
492,-22.66923776190476,-43.62198957142857,Japeri,8.0,12.0,1.0,seg
493,-22.4948833,-43.524699,Japeri,0.0,1.0,0.0,seg
494,-22.9481946,-43.3632088,Japeri,1.0,0.0,0.0,seg
495,-22.66923776190476,-43.62198957142857,Japeri,9.0,11.0,1.0,ter
496,-22.4948833,-43.524699,Japeri,0.0,1.0,0.0,ter
497,-22.9481946,-43.3632088,Japeri,1.0,0.0,0.0,ter
498,-22.66923776190476,-43.62198957142857,Japeri,8.0,12.0,1.0,qua
499,-22.4948833,-43.524699,Japeri,0.0,1.0,0.0,qua
500,-22.9481946,-43.3632088,Japeri,1.0,0.0,0.0,qua
501,-22.66923776190476,-43.62198957142857,Japeri,13.0,7.0,1.0,qui
502,-22.4948833,-43.524699,Japeri,0.0,1.0,0.0,qui
503,-22.9481946,-43.3632088,Japeri,1.0,0.0,0.0,qui
504,-22.66923776190476,-43.62198957142857,Japeri,12.0,7.0,1.0,sex
505,-22.4948833,-43.524699,Japeri,0.0,0.0,0.0,sex
506,-22.9481946,-43.3632088,Japeri,1.0,0.0,0.0,sex
507,-22.66923776190476,-43.62198957142857,Japeri,0.0,0.0,0.0,sab
508,-22.4948833,-43.524699,Japeri,0.0,0.0,0.0,sab
509,-22.9481946,-43.3632088,Japeri,0.0,0.0,0.0,sab
510,-22.805527875,-43.42163695,Nilopolis,0.0,4.0,0.0,seg
511,-22.809586071428573,-43.40415338571429,Nilopolis,2.0,4.0,1.0,seg
512,-22.8171062125,-43.4150876625,Nilopolis,1.0,5.0,2.0,seg
513,-22.8114034,-43.4305978,Nilopolis,0.0,2.0,2.0,seg
514,-22.799066025,-43.4127908625,Nilopolis,0.0,7.0,0.0,seg
515,-22.81541656,-43.4229488,Nilopolis,0.0,4.0,1.0,seg
516,-22.805527875,-43.42163695,Nilopolis,0.0,2.0,0.0,ter
517,-22.809586071428573,-43.40415338571429,Nilopolis,2.0,3.0,1.0,ter
518,-22.8171062125,-43.4150876625,Nilopolis,0.0,6.0,1.0,ter
519,-22.8114034,-43.4305978,Nilopolis,0.0,2.0,1.0,ter
520,-22.799066025,-43.4127908625,Nilopolis,1.0,6.0,0.0,ter
521,-22.81541656,-43.4229488,Nilopolis,1.0,2.0,2.0,ter
522,-22.805527875,-43.42163695,Nilopolis,1.0,3.0,0.0,qua
523,-22.809586071428573,-43.40415338571429,Nilopolis,1.0,4.0,1.0,qua
524,-22.8171062125,-43.4150876625,Nilopolis,0.0,6.0,2.0,qua
525,-22.8114034,-43.4305978,Nilopolis,0.0,2.0,2.0,qua
526,-22.799066025,-43.4127908625,Nilopolis,0.0,7.0,0.0,qua
527,-22.81541656,-43.4229488,Nilopolis,0.0,4.0,1.0,qua
528,-22.805527875,-43.42163695,Nilopolis,0.0,3.0,0.0,qui
529,-22.809586071428573,-43.40415338571429,Nilopolis,3.0,2.0,1.0,qui
530,-22.8171062125,-43.4150876625,Nilopolis,0.0,7.0,1.0,qui
531,-22.8114034,-43.4305978,Nilopolis,0.0,3.0,1.0,qui
532,-22.799066025,-43.4127908625,Nilopolis,1.0,6.0,0.0,qui
533,-22.81541656,-43.4229488,Nilopolis,1.0,2.0,2.0,qui
534,-22.805527875,-43.42163695,Nilopolis,0.0,3.0,0.0,sex
535,-22.809586071428573,-43.40415338571429,Nilopolis,2.0,3.0,1.0,sex
536,-22.8171062125,-43.4150876625,Nilopolis,0.0,4.0,1.0,sex
537,-22.8114034,-43.4305978,Nilopolis,0.0,0.0,2.0,sex
538,-22.799066025,-43.4127908625,Nilopolis,0.0,5.0,1.0,sex
539,-22.81541656,-43.4229488,Nilopolis,0.0,3.0,2.0,sex
540,-22.805527875,-43.42163695,Nilopolis,1.0,0.0,0.0,sab
541,-22.809586071428573,-43.40415338571429,Nilopolis,1.0,0.0,0.0,sab
542,-22.8171062125,-43.4150876625,Nilopolis,0.0,0.0,0.0,sab
543,-22.8114034,-43.4305978,Nilopolis,0.0,0.0,0.0,sab
544,-22.799066025,-43.4127908625,Nilopolis,1.0,0.0,0.0,sab
545,-22.81541656,-43.4229488,Nilopolis,0.0,0.0,0.0,sab
